air-purifier	空气净化器	49	0	493	17	5	5	0
air-conditioner	空调	51	16	534	3	13	5	0
humidifier	加湿器	31	5	277	6	5	2	0
dehumidifier	除湿机	6	0	70	5	0	1	0
fan	电风扇	46	5	547	2	12	7	0
heater	电暖器	35	1	358	5	5	0	2
refrigerator	冰箱	19	8	178	0	9	6	0
dishwasher	洗碗机	43	3	403	8	3	2	0
microwave	微波炉	28	4	358	4	2	2	3
rice-cooker	电饭煲	32	1	261	4	5	3	0
pressure-cooker	电压力锅	18	0	157	2	1	0	0
steamer	电蒸锅	3	0	29	1	2	0	0
air-fryer	空气炸锅	32	2	276	1	3	3	0
induction-cooker	电磁炉	24	0	209	2	2	0	1
blender	破壁机	27	0	231	4	3	0	3
coffee-machine	咖啡机	30	1	284	2	3	0	2
kettle	电水壶	42	2	403	4	12	1	2
washing-machine	洗衣机	58	6	592	0	22	6	0
dryer-rack	晾衣机	6	1	48	5	1	0	4
garment-steamer	挂烫机	4	0	37	1	3	0	1
robot-vacuum	扫地机器人	46	9	444	0	9	1	0
vacuum	无线吸尘器	51	0	538	4	9	5	3
mite-remover	除螨仪	4	0	40	0	4	0	0
floor-washer	洗地机	47	20	396	11	6	0	0
water-heater	热水器	25	1	211	6	4	0	3
bath-heater	浴霸	37	0	323	12	0	0	0
water-dispenser	即热饮水机	33	0	337	3	5	0	3
hair-dryer	吹风机	9	0	85	2	7	0	2
shaver	剃须刀	9	0	86	2	7	0	2
toothbrush	电动牙刷	12	0	102	4	6	2	0
hair-clipper	理发器	3	0	30	0	3	0	0
foot-spa	足浴器	5	0	40	3	2	0	2
massage-gun	筋膜枪	6	0	53	3	3	0	3
body-scale	体脂秤	4	0	28	3	1	0	2
camera	智能摄像机	7	1	67	5	2	0	3
water-purifier	净水器	42	7	468	8	6	3	5
smart-lock	智能门锁	17	2	161	11	2	4	0
tv	电视	31	1	277	0	6	0	0
projector	投影仪	17	1	209	4	3	2	0
speaker	智能音箱	5	0	40	3	2	0	0
